1,Bulbasaur,https://img.pokemondb.net/artwork/large/bulbasaur.jpg
2,Ivysaur,https://img.pokemondb.net/artwork/large/ivysaur.jpg
3,Venusaur,https://img.pokemondb.net/artwork/large/venusaur.jpg
4,Charmander,https://img.pokemondb.net/artwork/large/charmander.jpg
5,Charmeleon,https://img.pokemondb.net/artwork/large/charmeleon.jpg
6,Charizard,https://img.pokemondb.net/artwork/large/charizard.jpg
7,Squirtle,https://img.pokemondb.net/artwork/large/squirtle.jpg
8,Wartortle,https://img.pokemondb.net/artwork/large/wartortle.jpg
9,Blastoise,https://img.pokemondb.net/artwork/large/blastoise.jpg
10,Caterpie,https://img.pokemondb.net/artwork/large/caterpie.jpg
11,Metapod,https://img.pokemondb.net/artwork/large/metapod.jpg
12,Butterfree,https://img.pokemondb.net/artwork/large/butterfree.jpg
13,Weedle,https://img.pokemondb.net/artwork/large/weedle.jpg
14,Kakuna,https://img.pokemondb.net/artwork/large/kakuna.jpg
15,Beedrill,https://img.pokemondb.net/artwork/large/beedrill.jpg
16,Pidgey,https://img.pokemondb.net/artwork/large/pidgey.jpg
17,Pidgeotto,https://img.pokemondb.net/artwork/large/pidgeotto.jpg
18,Pidgeot,https://img.pokemondb.net/artwork/large/pidgeot.jpg
19,Rattata,https://img.pokemondb.net/artwork/large/rattata.jpg
20,Raticate,https://img.pokemondb.net/artwork/large/raticate.jpg
21,Spearow,https://img.pokemondb.net/artwork/large/spearow.jpg
22,Fearow,https://img.pokemondb.net/artwork/large/fearow.jpg
23,Ekans,https://img.pokemondb.net/artwork/large/ekans.jpg
24,Arbok,https://img.pokemondb.net/artwork/large/arbok.jpg
25,Pikachu,https://img.pokemondb.net/artwork/large/pikachu.jpg
26,Raichu,https://img.pokemondb.net/artwork/large/raichu.jpg
27,Sandshrew,https://img.pokemondb.net/artwork/large/sandshrew.jpg
28,Sandslash,https://img.pokemondb.net/artwork/large/sandslash.jpg
29,Nidoran-F,https://img.pokemondb.net/artwork/large/nidoran-f.jpg
30,Nidorina,https://img.pokemondb.net/artwork/large/nidorina.jpg
31,Nidoqueen,https://img.pokemondb.net/artwork/large/nidoqueen.jpg
32,Nidoran-M,https://img.pokemondb.net/artwork/large/nidoran-m.jpg
33,Nidorino,https://img.pokemondb.net/artwork/large/nidorino.jpg
34,Nidoking,https://img.pokemondb.net/artwork/large/nidoking.jpg
35,Clefairy,https://img.pokemondb.net/artwork/large/clefairy.jpg
36,Clefable,https://img.pokemondb.net/artwork/large/clefable.jpg
37,Vulpix,https://img.pokemondb.net/artwork/large/vulpix.jpg
38,Ninetales,https://img.pokemondb.net/artwork/large/ninetales.jpg
39,Jigglypuff,https://img.pokemondb.net/artwork/large/jigglypuff.jpg
40,Wigglytuff,https://img.pokemondb.net/artwork/large/wigglytuff.jpg
41,Zubat,https://img.pokemondb.net/artwork/large/zubat.jpg
42,Golbat,https://img.pokemondb.net/artwork/large/golbat.jpg
43,Oddish,https://img.pokemondb.net/artwork/large/oddish.jpg
44,Gloom,https://img.pokemondb.net/artwork/large/gloom.jpg
45,Vileplume,https://img.pokemondb.net/artwork/large/vileplume.jpg
46,Paras,https://img.pokemondb.net/artwork/large/paras.jpg
47,Parasect,https://img.pokemondb.net/artwork/large/parasect.jpg
48,Venonat,https://img.pokemondb.net/artwork/large/venonat.jpg
49,Venomoth,https://img.pokemondb.net/artwork/large/venomoth.jpg
50,Diglett,https://img.pokemondb.net/artwork/large/diglett.jpg
51,Dugtrio,https://img.pokemondb.net/artwork/large/dugtrio.jpg
52,Meowth,https://img.pokemondb.net/artwork/large/meowth.jpg
53,Persian,https://img.pokemondb.net/artwork/large/persian.jpg
54,Psyduck,https://img.pokemondb.net/artwork/large/psyduck.jpg
55,Golduck,https://img.pokemondb.net/artwork/large/golduck.jpg
56,Mankey,https://img.pokemondb.net/artwork/large/mankey.jpg
57,Primeape,https://img.pokemondb.net/artwork/large/primeape.jpg
58,Growlithe,https://img.pokemondb.net/artwork/large/growlithe.jpg
59,Arcanine,https://img.pokemondb.net/artwork/large/arcanine.jpg
60,Poliwag,https://img.pokemondb.net/artwork/large/poliwag.jpg
61,Poliwhirl,https://img.pokemondb.net/artwork/large/poliwhirl.jpg
62,Poliwrath,https://img.pokemondb.net/artwork/large/poliwrath.jpg
63,Abra,https://img.pokemondb.net/artwork/large/abra.jpg
64,Kadabra,https://img.pokemondb.net/artwork/large/kadabra.jpg
65,Alakazam,https://img.pokemondb.net/artwork/large/alakazam.jpg
66,Machop,https://img.pokemondb.net/artwork/large/machop.jpg
67,Machoke,https://img.pokemondb.net/artwork/large/machoke.jpg
68,Machamp,https://img.pokemondb.net/artwork/large/machamp.jpg
69,Bellsprout,https://img.pokemondb.net/artwork/large/bellsprout.jpg
70,Weepinbell,https://img.pokemondb.net/artwork/large/weepinbell.jpg
71,Victreebel,https://img.pokemondb.net/artwork/large/victreebel.jpg
72,Tentacool,https://img.pokemondb.net/artwork/large/tentacool.jpg
73,Tentacruel,https://img.pokemondb.net/artwork/large/tentacruel.jpg
74,Geodude,https://img.pokemondb.net/artwork/large/geodude.jpg
75,Graveler,https://img.pokemondb.net/artwork/large/graveler.jpg
76,Golem,https://img.pokemondb.net/artwork/large/golem.jpg
77,Ponyta,https://img.pokemondb.net/artwork/large/ponyta.jpg
78,Rapidash,https://img.pokemondb.net/artwork/large/rapidash.jpg
79,Slowpoke,https://img.pokemondb.net/artwork/large/slowpoke.jpg
80,Slowbro,https://img.pokemondb.net/artwork/large/slowbro.jpg
81,Magnemite,https://img.pokemondb.net/artwork/large/magnemite.jpg
82,Magneton,https://img.pokemondb.net/artwork/large/magneton.jpg
83,Farfetchd,https://img.pokemondb.net/artwork/large/farfetchd.jpg
84,Doduo,https://img.pokemondb.net/artwork/large/doduo.jpg
85,Dodrio,https://img.pokemondb.net/artwork/large/dodrio.jpg
86,Seel,https://img.pokemondb.net/artwork/large/seel.jpg
87,Dewgong,https://img.pokemondb.net/artwork/large/dewgong.jpg
88,Grimer,https://img.pokemondb.net/artwork/large/grimer.jpg
89,Muk,https://img.pokemondb.net/artwork/large/muk.jpg
90,Shellder,https://img.pokemondb.net/artwork/large/shellder.jpg
91,Cloyster,https://img.pokemondb.net/artwork/large/cloyster.jpg
92,Gastly,https://img.pokemondb.net/artwork/large/gastly.jpg
93,Haunter,https://img.pokemondb.net/artwork/large/haunter.jpg
94,Gengar,https://img.pokemondb.net/artwork/large/gengar.jpg
95,Onix,https://img.pokemondb.net/artwork/large/onix.jpg
96,Drowzee,https://img.pokemondb.net/artwork/large/drowzee.jpg
97,Hypno,https://img.pokemondb.net/artwork/large/hypno.jpg
98,Krabby,https://img.pokemondb.net/artwork/large/krabby.jpg
99,Kingler,https://img.pokemondb.net/artwork/large/kingler.jpg
100,Voltorb,https://img.pokemondb.net/artwork/large/voltorb.jpg
101,Electrode,https://img.pokemondb.net/artwork/large/electrode.jpg
102,Exeggcute,https://img.pokemondb.net/artwork/large/exeggcute.jpg
103,Exeggutor,https://img.pokemondb.net/artwork/large/exeggutor.jpg
104,Cubone,https://img.pokemondb.net/artwork/large/cubone.jpg
105,Marowak,https://img.pokemondb.net/artwork/large/marowak.jpg
106,Hitmonlee,https://img.pokemondb.net/artwork/large/hitmonlee.jpg
107,Hitmonchan,https://img.pokemondb.net/artwork/large/hitmonchan.jpg
108,Lickitung,https://img.pokemondb.net/artwork/large/lickitung.jpg
109,Koffing,https://img.pokemondb.net/artwork/large/koffing.jpg
110,Weezing,https://img.pokemondb.net/artwork/large/weezing.jpg
111,Rhyhorn,https://img.pokemondb.net/artwork/large/rhyhorn.jpg
112,Rhydon,https://img.pokemondb.net/artwork/large/rhydon.jpg
113,Chansey,https://img.pokemondb.net/artwork/large/chansey.jpg
114,Tangela,https://img.pokemondb.net/artwork/large/tangela.jpg
115,Kangaskhan,https://img.pokemondb.net/artwork/large/kangaskhan.jpg
116,Horsea,https://img.pokemondb.net/artwork/large/horsea.jpg
117,Seadra,https://img.pokemondb.net/artwork/large/seadra.jpg
118,Goldeen,https://img.pokemondb.net/artwork/large/goldeen.jpg
119,Seaking,https://img.pokemondb.net/artwork/large/seaking.jpg
120,Staryu,https://img.pokemondb.net/artwork/large/staryu.jpg
121,Starmie,https://img.pokemondb.net/artwork/large/starmie.jpg
122,Mr-Mime,https://img.pokemondb.net/artwork/large/mr-mime.jpg
123,Scyther,https://img.pokemondb.net/artwork/large/scyther.jpg
124,Jynx,https://img.pokemondb.net/artwork/large/jynx.jpg
125,Electabuzz,https://img.pokemondb.net/artwork/large/electabuzz.jpg
126,Magmar,https://img.pokemondb.net/artwork/large/magmar.jpg
127,Pinsir,https://img.pokemondb.net/artwork/large/pinsir.jpg
128,Tauros,https://img.pokemondb.net/artwork/large/tauros.jpg
129,Magikarp,https://img.pokemondb.net/artwork/large/magikarp.jpg
130,Gyarados,https://img.pokemondb.net/artwork/large/gyarados.jpg
131,Lapras,https://img.pokemondb.net/artwork/large/lapras.jpg
132,Ditto,https://img.pokemondb.net/artwork/large/ditto.jpg
133,Eevee,https://img.pokemondb.net/artwork/large/eevee.jpg
134,Vaporeon,https://img.pokemondb.net/artwork/large/vaporeon.jpg
135,Jolteon,https://img.pokemondb.net/artwork/large/jolteon.jpg
136,Flareon,https://img.pokemondb.net/artwork/large/flareon.jpg
137,Porygon,https://img.pokemondb.net/artwork/large/porygon.jpg
138,Omanyte,https://img.pokemondb.net/artwork/large/omanyte.jpg
139,Omastar,https://img.pokemondb.net/artwork/large/omastar.jpg
140,Kabuto,https://img.pokemondb.net/artwork/large/kabuto.jpg
141,Kabutops,https://img.pokemondb.net/artwork/large/kabutops.jpg
142,Aerodactyl,https://img.pokemondb.net/artwork/large/aerodactyl.jpg
143,Snorlax,https://img.pokemondb.net/artwork/large/snorlax.jpg
144,Articuno,https://img.pokemondb.net/artwork/large/articuno.jpg
145,Zapdos,https://img.pokemondb.net/artwork/large/zapdos.jpg
146,Moltres,https://img.pokemondb.net/artwork/large/moltres.jpg
147,Dratini,https://img.pokemondb.net/artwork/large/dratini.jpg
148,Dragonair,https://img.pokemondb.net/artwork/large/dragonair.jpg
149,Dragonite,https://img.pokemondb.net/artwork/large/dragonite.jpg
150,Mewtwo,https://img.pokemondb.net/artwork/large/mewtwo.jpg
151,Mew,https://img.pokemondb.net/artwork/large/mew.jpg
152,Chikorita,https://img.pokemondb.net/artwork/large/chikorita.jpg
153,Bayleef,https://img.pokemondb.net/artwork/large/bayleef.jpg
154,Meganium,https://img.pokemondb.net/artwork/large/meganium.jpg
155,Cyndaquil,https://img.pokemondb.net/artwork/large/cyndaquil.jpg
156,Quilava,https://img.pokemondb.net/artwork/large/quilava.jpg
157,Typhlosion,https://img.pokemondb.net/artwork/large/typhlosion.jpg
158,Totodile,https://img.pokemondb.net/artwork/large/totodile.jpg
159,Croconaw,https://img.pokemondb.net/artwork/large/croconaw.jpg
160,Feraligatr,https://img.pokemondb.net/artwork/large/feraligatr.jpg
161,Sentret,https://img.pokemondb.net/artwork/large/sentret.jpg
162,Furret,https://img.pokemondb.net/artwork/large/furret.jpg
163,Hoothoot,https://img.pokemondb.net/artwork/large/hoothoot.jpg
164,Noctowl,https://img.pokemondb.net/artwork/large/noctowl.jpg
165,Ledyba,https://img.pokemondb.net/artwork/large/ledyba.jpg
166,Ledian,https://img.pokemondb.net/artwork/large/ledian.jpg
167,Spinarak,https://img.pokemondb.net/artwork/large/spinarak.jpg
168,Ariados,https://img.pokemondb.net/artwork/large/ariados.jpg
169,Crobat,https://img.pokemondb.net/artwork/large/crobat.jpg
170,Chinchou,https://img.pokemondb.net/artwork/large/chinchou.jpg
171,Lanturn,https://img.pokemondb.net/artwork/large/lanturn.jpg
172,Pichu,https://img.pokemondb.net/artwork/large/pichu.jpg
173,Cleffa,https://img.pokemondb.net/artwork/large/cleffa.jpg
174,Igglybuff,https://img.pokemondb.net/artwork/large/igglybuff.jpg
175,Togepi,https://img.pokemondb.net/artwork/large/togepi.jpg
176,Togetic,https://img.pokemondb.net/artwork/large/togetic.jpg
177,Natu,https://img.pokemondb.net/artwork/large/natu.jpg
178,Xatu,https://img.pokemondb.net/artwork/large/xatu.jpg
179,Mareep,https://img.pokemondb.net/artwork/large/mareep.jpg
180,Flaaffy,https://img.pokemondb.net/artwork/large/flaaffy.jpg
181,Ampharos,https://img.pokemondb.net/artwork/large/ampharos.jpg
182,Bellossom,https://img.pokemondb.net/artwork/large/bellossom.jpg
183,Marill,https://img.pokemondb.net/artwork/large/marill.jpg
184,Azumarill,https://img.pokemondb.net/artwork/large/azumarill.jpg
185,Sudowoodo,https://img.pokemondb.net/artwork/large/sudowoodo.jpg
186,Politoed,https://img.pokemondb.net/artwork/large/politoed.jpg
187,Hoppip,https://img.pokemondb.net/artwork/large/hoppip.jpg
188,Skiploom,https://img.pokemondb.net/artwork/large/skiploom.jpg
189,Jumpluff,https://img.pokemondb.net/artwork/large/jumpluff.jpg
190,Aipom,https://img.pokemondb.net/artwork/large/aipom.jpg
191,Sunkern,https://img.pokemondb.net/artwork/large/sunkern.jpg
192,Sunflora,https://img.pokemondb.net/artwork/large/sunflora.jpg
193,Yanma,https://img.pokemondb.net/artwork/large/yanma.jpg
194,Wooper,https://img.pokemondb.net/artwork/large/wooper.jpg
195,Quagsire,https://img.pokemondb.net/artwork/large/quagsire.jpg
196,Espeon,https://img.pokemondb.net/artwork/large/espeon.jpg
197,Umbreon,https://img.pokemondb.net/artwork/large/umbreon.jpg
198,Murkrow,https://img.pokemondb.net/artwork/large/murkrow.jpg
199,Slowking,https://img.pokemondb.net/artwork/large/slowking.jpg
200,Misdreavus,https://img.pokemondb.net/artwork/large/misdreavus.jpg
201,Unown,https://img.pokemondb.net/artwork/large/unown.jpg
202,Wobbuffet,https://img.pokemondb.net/artwork/large/wobbuffet.jpg
203,Girafarig,https://img.pokemondb.net/artwork/large/girafarig.jpg
204,Pineco,https://img.pokemondb.net/artwork/large/pineco.jpg
205,Forretress,https://img.pokemondb.net/artwork/large/forretress.jpg
206,Dunsparce,https://img.pokemondb.net/artwork/large/dunsparce.jpg
207,Gligar,https://img.pokemondb.net/artwork/large/gligar.jpg
208,Steelix,https://img.pokemondb.net/artwork/large/steelix.jpg
209,Snubbull,https://img.pokemondb.net/artwork/large/snubbull.jpg
210,Granbull,https://img.pokemondb.net/artwork/large/granbull.jpg
211,Qwilfish,https://img.pokemondb.net/artwork/large/qwilfish.jpg
212,Scizor,https://img.pokemondb.net/artwork/large/scizor.jpg
213,Shuckle,https://img.pokemondb.net/artwork/large/shuckle.jpg
214,Heracross,https://img.pokemondb.net/artwork/large/heracross.jpg
215,Sneasel,https://img.pokemondb.net/artwork/large/sneasel.jpg
216,Teddiursa,https://img.pokemondb.net/artwork/large/teddiursa.jpg
217,Ursaring,https://img.pokemondb.net/artwork/large/ursaring.jpg
218,Slugma,https://img.pokemondb.net/artwork/large/slugma.jpg
219,Magcargo,https://img.pokemondb.net/artwork/large/magcargo.jpg
220,Swinub,https://img.pokemondb.net/artwork/large/swinub.jpg
221,Piloswine,https://img.pokemondb.net/artwork/large/piloswine.jpg
222,Corsola,https://img.pokemondb.net/artwork/large/corsola.jpg
223,Remoraid,https://img.pokemondb.net/artwork/large/remoraid.jpg
224,Octillery,https://img.pokemondb.net/artwork/large/octillery.jpg
225,Delibird,https://img.pokemondb.net/artwork/large/delibird.jpg
226,Mantine,https://img.pokemondb.net/artwork/large/mantine.jpg
227,Skarmory,https://img.pokemondb.net/artwork/large/skarmory.jpg
228,Houndour,https://img.pokemondb.net/artwork/large/houndour.jpg
229,Houndoom,https://img.pokemondb.net/artwork/large/houndoom.jpg
230,Kingdra,https://img.pokemondb.net/artwork/large/kingdra.jpg
231,Phanpy,https://img.pokemondb.net/artwork/large/phanpy.jpg
232,Donphan,https://img.pokemondb.net/artwork/large/donphan.jpg
233,Porygon2,https://img.pokemondb.net/artwork/large/porygon2.jpg
234,Stantler,https://img.pokemondb.net/artwork/large/stantler.jpg
235,Smeargle,https://img.pokemondb.net/artwork/large/smeargle.jpg
236,Tyrogue,https://img.pokemondb.net/artwork/large/tyrogue.jpg
237,Hitmontop,https://img.pokemondb.net/artwork/large/hitmontop.jpg
238,Smoochum,https://img.pokemondb.net/artwork/large/smoochum.jpg
239,Elekid,https://img.pokemondb.net/artwork/large/elekid.jpg
240,Magby,https://img.pokemondb.net/artwork/large/magby.jpg
241,Miltank,https://img.pokemondb.net/artwork/large/miltank.jpg
242,Blissey,https://img.pokemondb.net/artwork/large/blissey.jpg
243,Raikou,https://img.pokemondb.net/artwork/large/raikou.jpg
244,Entei,https://img.pokemondb.net/artwork/large/entei.jpg
245,Suicune,https://img.pokemondb.net/artwork/large/suicune.jpg
246,Larvitar,https://img.pokemondb.net/artwork/large/larvitar.jpg
247,Pupitar,https://img.pokemondb.net/artwork/large/pupitar.jpg
248,Tyranitar,https://img.pokemondb.net/artwork/large/tyranitar.jpg
249,Lugia,https://img.pokemondb.net/artwork/large/lugia.jpg
250,Ho-Oh,https://img.pokemondb.net/artwork/large/ho-oh.jpg
251,Celebi,https://img.pokemondb.net/artwork/large/celebi.jpg
252,Treecko,https://img.pokemondb.net/artwork/large/treecko.jpg
253,Grovyle,https://img.pokemondb.net/artwork/large/grovyle.jpg
254,Sceptile,https://img.pokemondb.net/artwork/large/sceptile.jpg
255,Torchic,https://img.pokemondb.net/artwork/large/torchic.jpg
256,Combusken,https://img.pokemondb.net/artwork/large/combusken.jpg
257,Blaziken,https://img.pokemondb.net/artwork/large/blaziken.jpg
258,Mudkip,https://img.pokemondb.net/artwork/large/mudkip.jpg
259,Marshtomp,https://img.pokemondb.net/artwork/large/marshtomp.jpg
260,Swampert,https://img.pokemondb.net/artwork/large/swampert.jpg
261,Poochyena,https://img.pokemondb.net/artwork/large/poochyena.jpg
262,Mightyena,https://img.pokemondb.net/artwork/large/mightyena.jpg
263,Zigzagoon,https://img.pokemondb.net/artwork/large/zigzagoon.jpg
264,Linoone,https://img.pokemondb.net/artwork/large/linoone.jpg
265,Wurmple,https://img.pokemondb.net/artwork/large/wurmple.jpg
266,Silcoon,https://img.pokemondb.net/artwork/large/silcoon.jpg
267,Beautifly,https://img.pokemondb.net/artwork/large/beautifly.jpg
268,Cascoon,https://img.pokemondb.net/artwork/large/cascoon.jpg
269,Dustox,https://img.pokemondb.net/artwork/large/dustox.jpg
270,Lotad,https://img.pokemondb.net/artwork/large/lotad.jpg
271,Lombre,https://img.pokemondb.net/artwork/large/lombre.jpg
272,Ludicolo,https://img.pokemondb.net/artwork/large/ludicolo.jpg
273,Seedot,https://img.pokemondb.net/artwork/large/seedot.jpg
274,Nuzleaf,https://img.pokemondb.net/artwork/large/nuzleaf.jpg
275,Shiftry,https://img.pokemondb.net/artwork/large/shiftry.jpg
276,Taillow,https://img.pokemondb.net/artwork/large/taillow.jpg
277,Swellow,https://img.pokemondb.net/artwork/large/swellow.jpg
278,Wingull,https://img.pokemondb.net/artwork/large/wingull.jpg
279,Pelipper,https://img.pokemondb.net/artwork/large/pelipper.jpg
280,Ralts,https://img.pokemondb.net/artwork/large/ralts.jpg
281,Kirlia,https://img.pokemondb.net/artwork/large/kirlia.jpg
282,Gardevoir,https://img.pokemondb.net/artwork/large/gardevoir.jpg
283,Surskit,https://img.pokemondb.net/artwork/large/surskit.jpg
284,Masquerain,https://img.pokemondb.net/artwork/large/masquerain.jpg
285,Shroomish,https://img.pokemondb.net/artwork/large/shroomish.jpg
286,Breloom,https://img.pokemondb.net/artwork/large/breloom.jpg
287,Slakoth,https://img.pokemondb.net/artwork/large/slakoth.jpg
288,Vigoroth,https://img.pokemondb.net/artwork/large/vigoroth.jpg
289,Slaking,https://img.pokemondb.net/artwork/large/slaking.jpg
290,Nincada,https://img.pokemondb.net/artwork/large/nincada.jpg
291,Ninjask,https://img.pokemondb.net/artwork/large/ninjask.jpg
292,Shedinja,https://img.pokemondb.net/artwork/large/shedinja.jpg
293,Whismur,https://img.pokemondb.net/artwork/large/whismur.jpg
294,Loudred,https://img.pokemondb.net/artwork/large/loudred.jpg
295,Exploud,https://img.pokemondb.net/artwork/large/exploud.jpg
296,Makuhita,https://img.pokemondb.net/artwork/large/makuhita.jpg
297,Hariyama,https://img.pokemondb.net/artwork/large/hariyama.jpg
298,Azurill,https://img.pokemondb.net/artwork/large/azurill.jpg
299,Nosepass,https://img.pokemondb.net/artwork/large/nosepass.jpg
300,Skitty,https://img.pokemondb.net/artwork/large/skitty.jpg
301,Delcatty,https://img.pokemondb.net/artwork/large/delcatty.jpg
302,Sableye,https://img.pokemondb.net/artwork/large/sableye.jpg
303,Mawile,https://img.pokemondb.net/artwork/large/mawile.jpg
304,Aron,https://img.pokemondb.net/artwork/large/aron.jpg
305,Lairon,https://img.pokemondb.net/artwork/large/lairon.jpg
306,Aggron,https://img.pokemondb.net/artwork/large/aggron.jpg
307,Meditite,https://img.pokemondb.net/artwork/large/meditite.jpg
308,Medicham,https://img.pokemondb.net/artwork/large/medicham.jpg
309,Electrike,https://img.pokemondb.net/artwork/large/electrike.jpg
310,Manectric,https://img.pokemondb.net/artwork/large/manectric.jpg
311,Plusle,https://img.pokemondb.net/artwork/large/plusle.jpg
312,Minun,https://img.pokemondb.net/artwork/large/minun.jpg
313,Volbeat,https://img.pokemondb.net/artwork/large/volbeat.jpg
314,Illumise,https://img.pokemondb.net/artwork/large/illumise.jpg
315,Roselia,https://img.pokemondb.net/artwork/large/roselia.jpg
316,Gulpin,https://img.pokemondb.net/artwork/large/gulpin.jpg
317,Swalot,https://img.pokemondb.net/artwork/large/swalot.jpg
318,Carvanha,https://img.pokemondb.net/artwork/large/carvanha.jpg
319,Sharpedo,https://img.pokemondb.net/artwork/large/sharpedo.jpg
320,Wailmer,https://img.pokemondb.net/artwork/large/wailmer.jpg
321,Wailord,https://img.pokemondb.net/artwork/large/wailord.jpg
322,Numel,https://img.pokemondb.net/artwork/large/numel.jpg
323,Camerupt,https://img.pokemondb.net/artwork/large/camerupt.jpg
324,Torkoal,https://img.pokemondb.net/artwork/large/torkoal.jpg
325,Spoink,https://img.pokemondb.net/artwork/large/spoink.jpg
326,Grumpig,https://img.pokemondb.net/artwork/large/grumpig.jpg
327,Spinda,https://img.pokemondb.net/artwork/large/spinda.jpg
328,Trapinch,https://img.pokemondb.net/artwork/large/trapinch.jpg
329,Vibrava,https://img.pokemondb.net/artwork/large/vibrava.jpg
330,Flygon,https://img.pokemondb.net/artwork/large/flygon.jpg
331,Cacnea,https://img.pokemondb.net/artwork/large/cacnea.jpg
332,Cacturne,https://img.pokemondb.net/artwork/large/cacturne.jpg
333,Swablu,https://img.pokemondb.net/artwork/large/swablu.jpg
334,Altaria,https://img.pokemondb.net/artwork/large/altaria.jpg
335,Zangoose,https://img.pokemondb.net/artwork/large/zangoose.jpg
336,Seviper,https://img.pokemondb.net/artwork/large/seviper.jpg
337,Lunatone,https://img.pokemondb.net/artwork/large/lunatone.jpg
338,Solrock,https://img.pokemondb.net/artwork/large/solrock.jpg
339,Barboach,https://img.pokemondb.net/artwork/large/barboach.jpg
340,Whiscash,https://img.pokemondb.net/artwork/large/whiscash.jpg
341,Corphish,https://img.pokemondb.net/artwork/large/corphish.jpg
342,Crawdaunt,https://img.pokemondb.net/artwork/large/crawdaunt.jpg
343,Baltoy,https://img.pokemondb.net/artwork/large/baltoy.jpg
344,Claydol,https://img.pokemondb.net/artwork/large/claydol.jpg
345,Lileep,https://img.pokemondb.net/artwork/large/lileep.jpg
346,Cradily,https://img.pokemondb.net/artwork/large/cradily.jpg
347,Anorith,https://img.pokemondb.net/artwork/large/anorith.jpg
348,Armaldo,https://img.pokemondb.net/artwork/large/armaldo.jpg
349,Feebas,https://img.pokemondb.net/artwork/large/feebas.jpg
350,Milotic,https://img.pokemondb.net/artwork/large/milotic.jpg
351,Castform,https://img.pokemondb.net/artwork/large/castform.jpg
352,Kecleon,https://img.pokemondb.net/artwork/large/kecleon.jpg
353,Shuppet,https://img.pokemondb.net/artwork/large/shuppet.jpg
354,Banette,https://img.pokemondb.net/artwork/large/banette.jpg
355,Duskull,https://img.pokemondb.net/artwork/large/duskull.jpg
356,Dusclops,https://img.pokemondb.net/artwork/large/dusclops.jpg
357,Tropius,https://img.pokemondb.net/artwork/large/tropius.jpg
358,Chimecho,https://img.pokemondb.net/artwork/large/chimecho.jpg
359,Absol,https://img.pokemondb.net/artwork/large/absol.jpg
360,Wynaut,https://img.pokemondb.net/artwork/large/wynaut.jpg
361,Snorunt,https://img.pokemondb.net/artwork/large/snorunt.jpg
362,Glalie,https://img.pokemondb.net/artwork/large/glalie.jpg
363,Spheal,https://img.pokemondb.net/artwork/large/spheal.jpg
364,Sealeo,https://img.pokemondb.net/artwork/large/sealeo.jpg
365,Walrein,https://img.pokemondb.net/artwork/large/walrein.jpg
366,Clamperl,https://img.pokemondb.net/artwork/large/clamperl.jpg
367,Huntail,https://img.pokemondb.net/artwork/large/huntail.jpg
368,Gorebyss,https://img.pokemondb.net/artwork/large/gorebyss.jpg
369,Relicanth,https://img.pokemondb.net/artwork/large/relicanth.jpg
370,Luvdisc,https://img.pokemondb.net/artwork/large/luvdisc.jpg
371,Bagon,https://img.pokemondb.net/artwork/large/bagon.jpg
372,Shelgon,https://img.pokemondb.net/artwork/large/shelgon.jpg
373,Salamence,https://img.pokemondb.net/artwork/large/salamence.jpg
374,Beldum,https://img.pokemondb.net/artwork/large/beldum.jpg
375,Metang,https://img.pokemondb.net/artwork/large/metang.jpg
376,Metagross,https://img.pokemondb.net/artwork/large/metagross.jpg
377,Regirock,https://img.pokemondb.net/artwork/large/regirock.jpg
378,Regice,https://img.pokemondb.net/artwork/large/regice.jpg
379,Registeel,https://img.pokemondb.net/artwork/large/registeel.jpg
380,Latias,https://img.pokemondb.net/artwork/large/latias.jpg
381,Latios,https://img.pokemondb.net/artwork/large/latios.jpg
382,Kyogre,https://img.pokemondb.net/artwork/large/kyogre.jpg
383,Groudon,https://img.pokemondb.net/artwork/large/groudon.jpg
384,Rayquaza,https://img.pokemondb.net/artwork/large/rayquaza.jpg
385,Jirachi,https://img.pokemondb.net/artwork/large/jirachi.jpg
386,Deoxys-Normal,https://img.pokemondb.net/artwork/large/deoxys-normal.jpg
387,Turtwig,https://img.pokemondb.net/artwork/large/turtwig.jpg
388,Grotle,https://img.pokemondb.net/artwork/large/grotle.jpg
389,Torterra,https://img.pokemondb.net/artwork/large/torterra.jpg
390,Chimchar,https://img.pokemondb.net/artwork/large/chimchar.jpg
391,Monferno,https://img.pokemondb.net/artwork/large/monferno.jpg
392,Infernape,https://img.pokemondb.net/artwork/large/infernape.jpg
393,Piplup,https://img.pokemondb.net/artwork/large/piplup.jpg
394,Prinplup,https://img.pokemondb.net/artwork/large/prinplup.jpg
395,Empoleon,https://img.pokemondb.net/artwork/large/empoleon.jpg
396,Starly,https://img.pokemondb.net/artwork/large/starly.jpg
397,Staravia,https://img.pokemondb.net/artwork/large/staravia.jpg
398,Staraptor,https://img.pokemondb.net/artwork/large/staraptor.jpg
399,Bidoof,https://img.pokemondb.net/artwork/large/bidoof.jpg
400,Bibarel,https://img.pokemondb.net/artwork/large/bibarel.jpg
401,Kricketot,https://img.pokemondb.net/artwork/large/kricketot.jpg
402,Kricketune,https://img.pokemondb.net/artwork/large/kricketune.jpg
403,Shinx,https://img.pokemondb.net/artwork/large/shinx.jpg
404,Luxio,https://img.pokemondb.net/artwork/large/luxio.jpg
405,Luxray,https://img.pokemondb.net/artwork/large/luxray.jpg
406,Budew,https://img.pokemondb.net/artwork/large/budew.jpg
407,Roserade,https://img.pokemondb.net/artwork/large/roserade.jpg
408,Cranidos,https://img.pokemondb.net/artwork/large/cranidos.jpg
409,Rampardos,https://img.pokemondb.net/artwork/large/rampardos.jpg
410,Shieldon,https://img.pokemondb.net/artwork/large/shieldon.jpg
411,Bastiodon,https://img.pokemondb.net/artwork/large/bastiodon.jpg
412,Burmy,https://img.pokemondb.net/artwork/large/burmy.jpg
413,Wormadam-Plant,https://img.pokemondb.net/artwork/large/wormadam-plant.jpg
414,Mothim,https://img.pokemondb.net/artwork/large/mothim.jpg
415,Combee,https://img.pokemondb.net/artwork/large/combee.jpg
416,Vespiquen,https://img.pokemondb.net/artwork/large/vespiquen.jpg
417,Pachirisu,https://img.pokemondb.net/artwork/large/pachirisu.jpg
418,Buizel,https://img.pokemondb.net/artwork/large/buizel.jpg
419,Floatzel,https://img.pokemondb.net/artwork/large/floatzel.jpg
420,Cherubi,https://img.pokemondb.net/artwork/large/cherubi.jpg
421,Cherrim,https://img.pokemondb.net/artwork/large/cherrim.jpg
422,Shellos,https://img.pokemondb.net/artwork/large/shellos.jpg
423,Gastrodon,https://img.pokemondb.net/artwork/large/gastrodon.jpg
424,Ambipom,https://img.pokemondb.net/artwork/large/ambipom.jpg
425,Drifloon,https://img.pokemondb.net/artwork/large/drifloon.jpg
426,Drifblim,https://img.pokemondb.net/artwork/large/drifblim.jpg
427,Buneary,https://img.pokemondb.net/artwork/large/buneary.jpg
428,Lopunny,https://img.pokemondb.net/artwork/large/lopunny.jpg
429,Mismagius,https://img.pokemondb.net/artwork/large/mismagius.jpg
430,Honchkrow,https://img.pokemondb.net/artwork/large/honchkrow.jpg
431,Glameow,https://img.pokemondb.net/artwork/large/glameow.jpg
432,Purugly,https://img.pokemondb.net/artwork/large/purugly.jpg
433,Chingling,https://img.pokemondb.net/artwork/large/chingling.jpg
434,Stunky,https://img.pokemondb.net/artwork/large/stunky.jpg
435,Skuntank,https://img.pokemondb.net/artwork/large/skuntank.jpg
436,Bronzor,https://img.pokemondb.net/artwork/large/bronzor.jpg
437,Bronzong,https://img.pokemondb.net/artwork/large/bronzong.jpg
438,Bonsly,https://img.pokemondb.net/artwork/large/bonsly.jpg
439,Mime-Jr,https://img.pokemondb.net/artwork/large/mime-jr.jpg
440,Happiny,https://img.pokemondb.net/artwork/large/happiny.jpg
441,Chatot,https://img.pokemondb.net/artwork/large/chatot.jpg
442,Spiritomb,https://img.pokemondb.net/artwork/large/spiritomb.jpg
443,Gible,https://img.pokemondb.net/artwork/large/gible.jpg
444,Gabite,https://img.pokemondb.net/artwork/large/gabite.jpg
445,Garchomp,https://img.pokemondb.net/artwork/large/garchomp.jpg
446,Munchlax,https://img.pokemondb.net/artwork/large/munchlax.jpg
447,Riolu,https://img.pokemondb.net/artwork/large/riolu.jpg
448,Lucario,https://img.pokemondb.net/artwork/large/lucario.jpg
449,Hippopotas,https://img.pokemondb.net/artwork/large/hippopotas.jpg
450,Hippowdon,https://img.pokemondb.net/artwork/large/hippowdon.jpg
451,Skorupi,https://img.pokemondb.net/artwork/large/skorupi.jpg
452,Drapion,https://img.pokemondb.net/artwork/large/drapion.jpg
453,Croagunk,https://img.pokemondb.net/artwork/large/croagunk.jpg
454,Toxicroak,https://img.pokemondb.net/artwork/large/toxicroak.jpg
455,Carnivine,https://img.pokemondb.net/artwork/large/carnivine.jpg
456,Finneon,https://img.pokemondb.net/artwork/large/finneon.jpg
457,Lumineon,https://img.pokemondb.net/artwork/large/lumineon.jpg
458,Mantyke,https://img.pokemondb.net/artwork/large/mantyke.jpg
459,Snover,https://img.pokemondb.net/artwork/large/snover.jpg
460,Abomasnow,https://img.pokemondb.net/artwork/large/abomasnow.jpg
461,Weavile,https://img.pokemondb.net/artwork/large/weavile.jpg
462,Magnezone,https://img.pokemondb.net/artwork/large/magnezone.jpg
463,Lickilicky,https://img.pokemondb.net/artwork/large/lickilicky.jpg
464,Rhyperior,https://img.pokemondb.net/artwork/large/rhyperior.jpg
465,Tangrowth,https://img.pokemondb.net/artwork/large/tangrowth.jpg
466,Electivire,https://img.pokemondb.net/artwork/large/electivire.jpg
467,Magmortar,https://img.pokemondb.net/artwork/large/magmortar.jpg
468,Togekiss,https://img.pokemondb.net/artwork/large/togekiss.jpg
469,Yanmega,https://img.pokemondb.net/artwork/large/yanmega.jpg
470,Leafeon,https://img.pokemondb.net/artwork/large/leafeon.jpg
471,Glaceon,https://img.pokemondb.net/artwork/large/glaceon.jpg
472,Gliscor,https://img.pokemondb.net/artwork/large/gliscor.jpg
473,Mamoswine,https://img.pokemondb.net/artwork/large/mamoswine.jpg
474,Porygon-Z,https://img.pokemondb.net/artwork/large/porygon-z.jpg
475,Gallade,https://img.pokemondb.net/artwork/large/gallade.jpg
476,Probopass,https://img.pokemondb.net/artwork/large/probopass.jpg
477,Dusknoir,https://img.pokemondb.net/artwork/large/dusknoir.jpg
478,Froslass,https://img.pokemondb.net/artwork/large/froslass.jpg
479,Rotom,https://img.pokemondb.net/artwork/large/rotom.jpg
480,Uxie,https://img.pokemondb.net/artwork/large/uxie.jpg
481,Mesprit,https://img.pokemondb.net/artwork/large/mesprit.jpg
482,Azelf,https://img.pokemondb.net/artwork/large/azelf.jpg
483,Dialga,https://img.pokemondb.net/artwork/large/dialga.jpg
484,Palkia,https://img.pokemondb.net/artwork/large/palkia.jpg
485,Heatran,https://img.pokemondb.net/artwork/large/heatran.jpg
486,Regigigas,https://img.pokemondb.net/artwork/large/regigigas.jpg
487,Giratina-Altered,https://img.pokemondb.net/artwork/large/giratina-altered.jpg
488,Cresselia,https://img.pokemondb.net/artwork/large/cresselia.jpg
489,Phione,https://img.pokemondb.net/artwork/large/phione.jpg
490,Manaphy,https://img.pokemondb.net/artwork/large/manaphy.jpg
491,Darkrai,https://img.pokemondb.net/artwork/large/darkrai.jpg
492,Shaymin-Land,https://img.pokemondb.net/artwork/large/shaymin-land.jpg
493,Arceus,https://img.pokemondb.net/artwork/large/arceus.jpg
494,Victini,https://img.pokemondb.net/artwork/large/victini.jpg
495,Snivy,https://img.pokemondb.net/artwork/large/snivy.jpg
496,Servine,https://img.pokemondb.net/artwork/large/servine.jpg
497,Serperior,https://img.pokemondb.net/artwork/large/serperior.jpg
498,Tepig,https://img.pokemondb.net/artwork/large/tepig.jpg
499,Pignite,https://img.pokemondb.net/artwork/large/pignite.jpg
500,Emboar,https://img.pokemondb.net/artwork/large/emboar.jpg
501,Oshawott,https://img.pokemondb.net/artwork/large/oshawott.jpg
502,Dewott,https://img.pokemondb.net/artwork/large/dewott.jpg
503,Samurott,https://img.pokemondb.net/artwork/large/samurott.jpg
504,Patrat,https://img.pokemondb.net/artwork/large/patrat.jpg
505,Watchog,https://img.pokemondb.net/artwork/large/watchog.jpg
506,Lillipup,https://img.pokemondb.net/artwork/large/lillipup.jpg
507,Herdier,https://img.pokemondb.net/artwork/large/herdier.jpg
508,Stoutland,https://img.pokemondb.net/artwork/large/stoutland.jpg
509,Purrloin,https://img.pokemondb.net/artwork/large/purrloin.jpg
510,Liepard,https://img.pokemondb.net/artwork/large/liepard.jpg
511,Pansage,https://img.pokemondb.net/artwork/large/pansage.jpg
512,Simisage,https://img.pokemondb.net/artwork/large/simisage.jpg
513,Pansear,https://img.pokemondb.net/artwork/large/pansear.jpg
514,Simisear,https://img.pokemondb.net/artwork/large/simisear.jpg
515,Panpour,https://img.pokemondb.net/artwork/large/panpour.jpg
516,Simipour,https://img.pokemondb.net/artwork/large/simipour.jpg
517,Munna,https://img.pokemondb.net/artwork/large/munna.jpg
518,Musharna,https://img.pokemondb.net/artwork/large/musharna.jpg
519,Pidove,https://img.pokemondb.net/artwork/large/pidove.jpg
520,Tranquill,https://img.pokemondb.net/artwork/large/tranquill.jpg
521,Unfezant,https://img.pokemondb.net/artwork/large/unfezant.jpg
522,Blitzle,https://img.pokemondb.net/artwork/large/blitzle.jpg
523,Zebstrika,https://img.pokemondb.net/artwork/large/zebstrika.jpg
524,Roggenrola,https://img.pokemondb.net/artwork/large/roggenrola.jpg
525,Boldore,https://img.pokemondb.net/artwork/large/boldore.jpg
526,Gigalith,https://img.pokemondb.net/artwork/large/gigalith.jpg
527,Woobat,https://img.pokemondb.net/artwork/large/woobat.jpg
528,Swoobat,https://img.pokemondb.net/artwork/large/swoobat.jpg
529,Drilbur,https://img.pokemondb.net/artwork/large/drilbur.jpg
530,Excadrill,https://img.pokemondb.net/artwork/large/excadrill.jpg
531,Audino,https://img.pokemondb.net/artwork/large/audino.jpg
532,Timburr,https://img.pokemondb.net/artwork/large/timburr.jpg
533,Gurdurr,https://img.pokemondb.net/artwork/large/gurdurr.jpg
534,Conkeldurr,https://img.pokemondb.net/artwork/large/conkeldurr.jpg
535,Tympole,https://img.pokemondb.net/artwork/large/tympole.jpg
536,Palpitoad,https://img.pokemondb.net/artwork/large/palpitoad.jpg
537,Seismitoad,https://img.pokemondb.net/artwork/large/seismitoad.jpg
538,Throh,https://img.pokemondb.net/artwork/large/throh.jpg
539,Sawk,https://img.pokemondb.net/artwork/large/sawk.jpg
540,Sewaddle,https://img.pokemondb.net/artwork/large/sewaddle.jpg
541,Swadloon,https://img.pokemondb.net/artwork/large/swadloon.jpg
542,Leavanny,https://img.pokemondb.net/artwork/large/leavanny.jpg
543,Venipede,https://img.pokemondb.net/artwork/large/venipede.jpg
544,Whirlipede,https://img.pokemondb.net/artwork/large/whirlipede.jpg
545,Scolipede,https://img.pokemondb.net/artwork/large/scolipede.jpg
546,Cottonee,https://img.pokemondb.net/artwork/large/cottonee.jpg
547,Whimsicott,https://img.pokemondb.net/artwork/large/whimsicott.jpg
548,Petilil,https://img.pokemondb.net/artwork/large/petilil.jpg
549,Lilligant,https://img.pokemondb.net/artwork/large/lilligant.jpg
550,Basculin-Red-Striped,https://img.pokemondb.net/artwork/large/basculin-red-striped.jpg
551,Sandile,https://img.pokemondb.net/artwork/large/sandile.jpg
552,Krokorok,https://img.pokemondb.net/artwork/large/krokorok.jpg
553,Krookodile,https://img.pokemondb.net/artwork/large/krookodile.jpg
554,Darumaka,https://img.pokemondb.net/artwork/large/darumaka.jpg
555,Darmanitan-Standard,https://img.pokemondb.net/artwork/large/darmanitan-standard.jpg
556,Maractus,https://img.pokemondb.net/artwork/large/maractus.jpg
557,Dwebble,https://img.pokemondb.net/artwork/large/dwebble.jpg
558,Crustle,https://img.pokemondb.net/artwork/large/crustle.jpg
559,Scraggy,https://img.pokemondb.net/artwork/large/scraggy.jpg
560,Scrafty,https://img.pokemondb.net/artwork/large/scrafty.jpg
561,Sigilyph,https://img.pokemondb.net/artwork/large/sigilyph.jpg
562,Yamask,https://img.pokemondb.net/artwork/large/yamask.jpg
563,Cofagrigus,https://img.pokemondb.net/artwork/large/cofagrigus.jpg
564,Tirtouga,https://img.pokemondb.net/artwork/large/tirtouga.jpg
565,Carracosta,https://img.pokemondb.net/artwork/large/carracosta.jpg
566,Archen,https://img.pokemondb.net/artwork/large/archen.jpg
567,Archeops,https://img.pokemondb.net/artwork/large/archeops.jpg
568,Trubbish,https://img.pokemondb.net/artwork/large/trubbish.jpg
569,Garbodor,https://img.pokemondb.net/artwork/large/garbodor.jpg
570,Zorua,https://img.pokemondb.net/artwork/large/zorua.jpg
571,Zoroark,https://img.pokemondb.net/artwork/large/zoroark.jpg
572,Minccino,https://img.pokemondb.net/artwork/large/minccino.jpg
573,Cinccino,https://img.pokemondb.net/artwork/large/cinccino.jpg
574,Gothita,https://img.pokemondb.net/artwork/large/gothita.jpg
575,Gothorita,https://img.pokemondb.net/artwork/large/gothorita.jpg
576,Gothitelle,https://img.pokemondb.net/artwork/large/gothitelle.jpg
577,Solosis,https://img.pokemondb.net/artwork/large/solosis.jpg
578,Duosion,https://img.pokemondb.net/artwork/large/duosion.jpg
579,Reuniclus,https://img.pokemondb.net/artwork/large/reuniclus.jpg
580,Ducklett,https://img.pokemondb.net/artwork/large/ducklett.jpg
581,Swanna,https://img.pokemondb.net/artwork/large/swanna.jpg
582,Vanillite,https://img.pokemondb.net/artwork/large/vanillite.jpg
583,Vanillish,https://img.pokemondb.net/artwork/large/vanillish.jpg
584,Vanilluxe,https://img.pokemondb.net/artwork/large/vanilluxe.jpg
585,Deerling,https://img.pokemondb.net/artwork/large/deerling.jpg
586,Sawsbuck,https://img.pokemondb.net/artwork/large/sawsbuck.jpg
587,Emolga,https://img.pokemondb.net/artwork/large/emolga.jpg
588,Karrablast,https://img.pokemondb.net/artwork/large/karrablast.jpg
589,Escavalier,https://img.pokemondb.net/artwork/large/escavalier.jpg
590,Foongus,https://img.pokemondb.net/artwork/large/foongus.jpg
591,Amoonguss,https://img.pokemondb.net/artwork/large/amoonguss.jpg
592,Frillish,https://img.pokemondb.net/artwork/large/frillish.jpg
593,Jellicent,https://img.pokemondb.net/artwork/large/jellicent.jpg
594,Alomomola,https://img.pokemondb.net/artwork/large/alomomola.jpg
595,Joltik,https://img.pokemondb.net/artwork/large/joltik.jpg
596,Galvantula,https://img.pokemondb.net/artwork/large/galvantula.jpg
597,Ferroseed,https://img.pokemondb.net/artwork/large/ferroseed.jpg
598,Ferrothorn,https://img.pokemondb.net/artwork/large/ferrothorn.jpg
599,Klink,https://img.pokemondb.net/artwork/large/klink.jpg
600,Klang,https://img.pokemondb.net/artwork/large/klang.jpg
601,Klinklang,https://img.pokemondb.net/artwork/large/klinklang.jpg
602,Tynamo,https://img.pokemondb.net/artwork/large/tynamo.jpg
603,Eelektrik,https://img.pokemondb.net/artwork/large/eelektrik.jpg
604,Eelektross,https://img.pokemondb.net/artwork/large/eelektross.jpg
605,Elgyem,https://img.pokemondb.net/artwork/large/elgyem.jpg
606,Beheeyem,https://img.pokemondb.net/artwork/large/beheeyem.jpg
607,Litwick,https://img.pokemondb.net/artwork/large/litwick.jpg
608,Lampent,https://img.pokemondb.net/artwork/large/lampent.jpg
609,Chandelure,https://img.pokemondb.net/artwork/large/chandelure.jpg
610,Axew,https://img.pokemondb.net/artwork/large/axew.jpg
611,Fraxure,https://img.pokemondb.net/artwork/large/fraxure.jpg
612,Haxorus,https://img.pokemondb.net/artwork/large/haxorus.jpg
613,Cubchoo,https://img.pokemondb.net/artwork/large/cubchoo.jpg
614,Beartic,https://img.pokemondb.net/artwork/large/beartic.jpg
615,Cryogonal,https://img.pokemondb.net/artwork/large/cryogonal.jpg
616,Shelmet,https://img.pokemondb.net/artwork/large/shelmet.jpg
617,Accelgor,https://img.pokemondb.net/artwork/large/accelgor.jpg
618,Stunfisk,https://img.pokemondb.net/artwork/large/stunfisk.jpg
619,Mienfoo,https://img.pokemondb.net/artwork/large/mienfoo.jpg
620,Mienshao,https://img.pokemondb.net/artwork/large/mienshao.jpg
621,Druddigon,https://img.pokemondb.net/artwork/large/druddigon.jpg
622,Golett,https://img.pokemondb.net/artwork/large/golett.jpg
623,Golurk,https://img.pokemondb.net/artwork/large/golurk.jpg
624,Pawniard,https://img.pokemondb.net/artwork/large/pawniard.jpg
625,Bisharp,https://img.pokemondb.net/artwork/large/bisharp.jpg
626,Bouffalant,https://img.pokemondb.net/artwork/large/bouffalant.jpg
627,Rufflet,https://img.pokemondb.net/artwork/large/rufflet.jpg
628,Braviary,https://img.pokemondb.net/artwork/large/braviary.jpg
629,Vullaby,https://img.pokemondb.net/artwork/large/vullaby.jpg
630,Mandibuzz,https://img.pokemondb.net/artwork/large/mandibuzz.jpg
631,Heatmor,https://img.pokemondb.net/artwork/large/heatmor.jpg
632,Durant,https://img.pokemondb.net/artwork/large/durant.jpg
633,Deino,https://img.pokemondb.net/artwork/large/deino.jpg
634,Zweilous,https://img.pokemondb.net/artwork/large/zweilous.jpg
635,Hydreigon,https://img.pokemondb.net/artwork/large/hydreigon.jpg
636,Larvesta,https://img.pokemondb.net/artwork/large/larvesta.jpg
637,Volcarona,https://img.pokemondb.net/artwork/large/volcarona.jpg
638,Cobalion,https://img.pokemondb.net/artwork/large/cobalion.jpg
639,Terrakion,https://img.pokemondb.net/artwork/large/terrakion.jpg
640,Virizion,https://img.pokemondb.net/artwork/large/virizion.jpg
641,Tornadus-Incarnate,https://img.pokemondb.net/artwork/large/tornadus-incarnate.jpg
642,Thundurus-Incarnate,https://img.pokemondb.net/artwork/large/thundurus-incarnate.jpg
643,Reshiram,https://img.pokemondb.net/artwork/large/reshiram.jpg
644,Zekrom,https://img.pokemondb.net/artwork/large/zekrom.jpg
645,Landorus-Incarnate,https://img.pokemondb.net/artwork/large/landorus-incarnate.jpg
646,Kyurem,https://img.pokemondb.net/artwork/large/kyurem.jpg
647,Keldeo-Ordinary,https://img.pokemondb.net/artwork/large/keldeo-ordinary.jpg
648,Meloetta-Aria,https://img.pokemondb.net/artwork/large/meloetta-aria.jpg
649,Genesect,https://img.pokemondb.net/artwork/large/genesect.jpg
650,Chespin,https://img.pokemondb.net/artwork/large/chespin.jpg
651,Quilladin,https://img.pokemondb.net/artwork/large/quilladin.jpg
652,Chesnaught,https://img.pokemondb.net/artwork/large/chesnaught.jpg
653,Fennekin,https://img.pokemondb.net/artwork/large/fennekin.jpg
654,Braixen,https://img.pokemondb.net/artwork/large/braixen.jpg
655,Delphox,https://img.pokemondb.net/artwork/large/delphox.jpg
656,Froakie,https://img.pokemondb.net/artwork/large/froakie.jpg
657,Frogadier,https://img.pokemondb.net/artwork/large/frogadier.jpg
658,Greninja,https://img.pokemondb.net/artwork/large/greninja.jpg
659,Bunnelby,https://img.pokemondb.net/artwork/large/bunnelby.jpg
660,Diggersby,https://img.pokemondb.net/artwork/large/diggersby.jpg
661,Fletchling,https://img.pokemondb.net/artwork/large/fletchling.jpg
662,Fletchinder,https://img.pokemondb.net/artwork/large/fletchinder.jpg
663,Talonflame,https://img.pokemondb.net/artwork/large/talonflame.jpg
664,Scatterbug,https://img.pokemondb.net/artwork/large/scatterbug.jpg
665,Spewpa,https://img.pokemondb.net/artwork/large/spewpa.jpg
666,Vivillon,https://img.pokemondb.net/artwork/large/vivillon.jpg
667,Litleo,https://img.pokemondb.net/artwork/large/litleo.jpg
668,Pyroar,https://img.pokemondb.net/artwork/large/pyroar.jpg
669,Flabebe,https://img.pokemondb.net/artwork/large/flabebe.jpg
670,Floette,https://img.pokemondb.net/artwork/large/floette.jpg
671,Florges,https://img.pokemondb.net/artwork/large/florges.jpg
672,Skiddo,https://img.pokemondb.net/artwork/large/skiddo.jpg
673,Gogoat,https://img.pokemondb.net/artwork/large/gogoat.jpg
674,Pancham,https://img.pokemondb.net/artwork/large/pancham.jpg
675,Pangoro,https://img.pokemondb.net/artwork/large/pangoro.jpg
676,Furfrou,https://img.pokemondb.net/artwork/large/furfrou.jpg
677,Espurr,https://img.pokemondb.net/artwork/large/espurr.jpg
678,Meowstic-Male,https://img.pokemondb.net/artwork/large/meowstic-male.jpg
679,Honedge,https://img.pokemondb.net/artwork/large/honedge.jpg
680,Doublade,https://img.pokemondb.net/artwork/large/doublade.jpg
681,Aegislash-Shield,https://img.pokemondb.net/artwork/large/aegislash-shield.jpg
682,Spritzee,https://img.pokemondb.net/artwork/large/spritzee.jpg
683,Aromatisse,https://img.pokemondb.net/artwork/large/aromatisse.jpg
684,Swirlix,https://img.pokemondb.net/artwork/large/swirlix.jpg
685,Slurpuff,https://img.pokemondb.net/artwork/large/slurpuff.jpg
686,Inkay,https://img.pokemondb.net/artwork/large/inkay.jpg
687,Malamar,https://img.pokemondb.net/artwork/large/malamar.jpg
688,Binacle,https://img.pokemondb.net/artwork/large/binacle.jpg
689,Barbaracle,https://img.pokemondb.net/artwork/large/barbaracle.jpg
690,Skrelp,https://img.pokemondb.net/artwork/large/skrelp.jpg
691,Dragalge,https://img.pokemondb.net/artwork/large/dragalge.jpg
692,Clauncher,https://img.pokemondb.net/artwork/large/clauncher.jpg
693,Clawitzer,https://img.pokemondb.net/artwork/large/clawitzer.jpg
694,Helioptile,https://img.pokemondb.net/artwork/large/helioptile.jpg
695,Heliolisk,https://img.pokemondb.net/artwork/large/heliolisk.jpg
696,Tyrunt,https://img.pokemondb.net/artwork/large/tyrunt.jpg
697,Tyrantrum,https://img.pokemondb.net/artwork/large/tyrantrum.jpg
698,Amaura,https://img.pokemondb.net/artwork/large/amaura.jpg
699,Aurorus,https://img.pokemondb.net/artwork/large/aurorus.jpg
700,Sylveon,https://img.pokemondb.net/artwork/large/sylveon.jpg
701,Hawlucha,https://img.pokemondb.net/artwork/large/hawlucha.jpg
702,Dedenne,https://img.pokemondb.net/artwork/large/dedenne.jpg
703,Carbink,https://img.pokemondb.net/artwork/large/carbink.jpg
704,Goomy,https://img.pokemondb.net/artwork/large/goomy.jpg
705,Sliggoo,https://img.pokemondb.net/artwork/large/sliggoo.jpg
706,Goodra,https://img.pokemondb.net/artwork/large/goodra.jpg
707,Klefki,https://img.pokemondb.net/artwork/large/klefki.jpg
708,Phantump,https://img.pokemondb.net/artwork/large/phantump.jpg
709,Trevenant,https://img.pokemondb.net/artwork/large/trevenant.jpg
710,Pumpkaboo-Average,https://img.pokemondb.net/artwork/large/pumpkaboo-average.jpg
711,Gourgeist-Average,https://img.pokemondb.net/artwork/large/gourgeist-average.jpg
712,Bergmite,https://img.pokemondb.net/artwork/large/bergmite.jpg
713,Avalugg,https://img.pokemondb.net/artwork/large/avalugg.jpg
714,Noibat,https://img.pokemondb.net/artwork/large/noibat.jpg
715,Noivern,https://img.pokemondb.net/artwork/large/noivern.jpg
716,Xerneas,https://img.pokemondb.net/artwork/large/xerneas.jpg
717,Yveltal,https://img.pokemondb.net/artwork/large/yveltal.jpg
718,Zygarde-50,https://img.pokemondb.net/artwork/large/zygarde-50.jpg
719,Diancie,https://img.pokemondb.net/artwork/large/diancie.jpg
720,Hoopa,https://img.pokemondb.net/artwork/large/hoopa.jpg
721,Volcanion,https://img.pokemondb.net/artwork/large/volcanion.jpg
722,Rowlet,https://img.pokemondb.net/artwork/large/rowlet.jpg
723,Dartrix,https://img.pokemondb.net/artwork/large/dartrix.jpg
724,Decidueye,https://img.pokemondb.net/artwork/large/decidueye.jpg
725,Litten,https://img.pokemondb.net/artwork/large/litten.jpg
726,Torracat,https://img.pokemondb.net/artwork/large/torracat.jpg
727,Incineroar,https://img.pokemondb.net/artwork/large/incineroar.jpg
728,Popplio,https://img.pokemondb.net/artwork/large/popplio.jpg
729,Brionne,https://img.pokemondb.net/artwork/large/brionne.jpg
730,Primarina,https://img.pokemondb.net/artwork/large/primarina.jpg
731,Pikipek,https://img.pokemondb.net/artwork/large/pikipek.jpg
732,Trumbeak,https://img.pokemondb.net/artwork/large/trumbeak.jpg
733,Toucannon,https://img.pokemondb.net/artwork/large/toucannon.jpg
734,Yungoos,https://img.pokemondb.net/artwork/large/yungoos.jpg
735,Gumshoos,https://img.pokemondb.net/artwork/large/gumshoos.jpg
736,Grubbin,https://img.pokemondb.net/artwork/large/grubbin.jpg
737,Charjabug,https://img.pokemondb.net/artwork/large/charjabug.jpg
738,Vikavolt,https://img.pokemondb.net/artwork/large/vikavolt.jpg
739,Crabrawler,https://img.pokemondb.net/artwork/large/crabrawler.jpg
740,Crabominable,https://img.pokemondb.net/artwork/large/crabominable.jpg
741,Oricorio-Baile,https://img.pokemondb.net/artwork/large/oricorio-baile.jpg
742,Cutiefly,https://img.pokemondb.net/artwork/large/cutiefly.jpg
743,Ribombee,https://img.pokemondb.net/artwork/large/ribombee.jpg
744,Rockruff,https://img.pokemondb.net/artwork/large/rockruff.jpg
745,Lycanroc-Midday,https://img.pokemondb.net/artwork/large/lycanroc-midday.jpg
746,Wishiwashi-Solo,https://img.pokemondb.net/artwork/large/wishiwashi-solo.jpg
747,Mareanie,https://img.pokemondb.net/artwork/large/mareanie.jpg
748,Toxapex,https://img.pokemondb.net/artwork/large/toxapex.jpg
749,Mudbray,https://img.pokemondb.net/artwork/large/mudbray.jpg
750,Mudsdale,https://img.pokemondb.net/artwork/large/mudsdale.jpg
751,Dewpider,https://img.pokemondb.net/artwork/large/dewpider.jpg
752,Araquanid,https://img.pokemondb.net/artwork/large/araquanid.jpg
753,Fomantis,https://img.pokemondb.net/artwork/large/fomantis.jpg
754,Lurantis,https://img.pokemondb.net/artwork/large/lurantis.jpg
755,Morelull,https://img.pokemondb.net/artwork/large/morelull.jpg
756,Shiinotic,https://img.pokemondb.net/artwork/large/shiinotic.jpg
757,Salandit,https://img.pokemondb.net/artwork/large/salandit.jpg
758,Salazzle,https://img.pokemondb.net/artwork/large/salazzle.jpg
759,Stufful,https://img.pokemondb.net/artwork/large/stufful.jpg
760,Bewear,https://img.pokemondb.net/artwork/large/bewear.jpg
761,Bounsweet,https://img.pokemondb.net/artwork/large/bounsweet.jpg
762,Steenee,https://img.pokemondb.net/artwork/large/steenee.jpg
763,Tsareena,https://img.pokemondb.net/artwork/large/tsareena.jpg
764,Comfey,https://img.pokemondb.net/artwork/large/comfey.jpg
765,Oranguru,https://img.pokemondb.net/artwork/large/oranguru.jpg
766,Passimian,https://img.pokemondb.net/artwork/large/passimian.jpg
767,Wimpod,https://img.pokemondb.net/artwork/large/wimpod.jpg
768,Golisopod,https://img.pokemondb.net/artwork/large/golisopod.jpg
769,Sandygast,https://img.pokemondb.net/artwork/large/sandygast.jpg
770,Palossand,https://img.pokemondb.net/artwork/large/palossand.jpg
771,Pyukumuku,https://img.pokemondb.net/artwork/large/pyukumuku.jpg
772,Type-Null,https://img.pokemondb.net/artwork/large/type-null.jpg
773,Silvally,https://img.pokemondb.net/artwork/large/silvally.jpg
774,Minior-Red-Meteor,https://img.pokemondb.net/artwork/large/minior-red-meteor.jpg
775,Komala,https://img.pokemondb.net/artwork/large/komala.jpg
776,Turtonator,https://img.pokemondb.net/artwork/large/turtonator.jpg
777,Togedemaru,https://img.pokemondb.net/artwork/large/togedemaru.jpg
778,Mimikyu-Disguised,https://img.pokemondb.net/artwork/large/mimikyu-disguised.jpg
779,Bruxish,https://img.pokemondb.net/artwork/large/bruxish.jpg
780,Drampa,https://img.pokemondb.net/artwork/large/drampa.jpg
781,Dhelmise,https://img.pokemondb.net/artwork/large/dhelmise.jpg
782,Jangmo-O,https://img.pokemondb.net/artwork/large/jangmo-o.jpg
783,Hakamo-O,https://img.pokemondb.net/artwork/large/hakamo-o.jpg
784,Kommo-O,https://img.pokemondb.net/artwork/large/kommo-o.jpg
785,Tapu-Koko,https://img.pokemondb.net/artwork/large/tapu-koko.jpg
786,Tapu-Lele,https://img.pokemondb.net/artwork/large/tapu-lele.jpg
787,Tapu-Bulu,https://img.pokemondb.net/artwork/large/tapu-bulu.jpg
788,Tapu-Fini,https://img.pokemondb.net/artwork/large/tapu-fini.jpg
789,Cosmog,https://img.pokemondb.net/artwork/large/cosmog.jpg
790,Cosmoem,https://img.pokemondb.net/artwork/large/cosmoem.jpg
791,Solgaleo,https://img.pokemondb.net/artwork/large/solgaleo.jpg
792,Lunala,https://img.pokemondb.net/artwork/large/lunala.jpg
793,Nihilego,https://img.pokemondb.net/artwork/large/nihilego.jpg
794,Buzzwole,https://img.pokemondb.net/artwork/large/buzzwole.jpg
795,Pheromosa,https://img.pokemondb.net/artwork/large/pheromosa.jpg
796,Xurkitree,https://img.pokemondb.net/artwork/large/xurkitree.jpg
797,Celesteela,https://img.pokemondb.net/artwork/large/celesteela.jpg
798,Kartana,https://img.pokemondb.net/artwork/large/kartana.jpg
799,Guzzlord,https://img.pokemondb.net/artwork/large/guzzlord.jpg
800,Necrozma,https://img.pokemondb.net/artwork/large/necrozma.jpg
801,Magearna,https://img.pokemondb.net/artwork/large/magearna.jpg
802,Marshadow,https://img.pokemondb.net/artwork/large/marshadow.jpg
803,Poipole,https://img.pokemondb.net/artwork/large/poipole.jpg
804,Naganadel,https://img.pokemondb.net/artwork/large/naganadel.jpg
805,Stakataka,https://img.pokemondb.net/artwork/large/stakataka.jpg
806,Blacephalon,https://img.pokemondb.net/artwork/large/blacephalon.jpg
807,Zeraora,https://img.pokemondb.net/artwork/large/zeraora.jpg
808,Meltan,https://img.pokemondb.net/artwork/large/meltan.jpg
809,Melmetal,https://img.pokemondb.net/artwork/large/melmetal.jpg
810,Grookey,https://img.pokemondb.net/artwork/large/grookey.jpg
811,Thwackey,https://img.pokemondb.net/artwork/large/thwackey.jpg
812,Rillaboom,https://img.pokemondb.net/artwork/large/rillaboom.jpg
813,Scorbunny,https://img.pokemondb.net/artwork/large/scorbunny.jpg
814,Raboot,https://img.pokemondb.net/artwork/large/raboot.jpg
815,Cinderace,https://img.pokemondb.net/artwork/large/cinderace.jpg
816,Sobble,https://img.pokemondb.net/artwork/large/sobble.jpg
817,Drizzile,https://img.pokemondb.net/artwork/large/drizzile.jpg
818,Inteleon,https://img.pokemondb.net/artwork/large/inteleon.jpg
819,Skwovet,https://img.pokemondb.net/artwork/large/skwovet.jpg
820,Greedent,https://img.pokemondb.net/artwork/large/greedent.jpg
821,Rookidee,https://img.pokemondb.net/artwork/large/rookidee.jpg
822,Corvisquire,https://img.pokemondb.net/artwork/large/corvisquire.jpg
823,Corviknight,https://img.pokemondb.net/artwork/large/corviknight.jpg
824,Blipbug,https://img.pokemondb.net/artwork/large/blipbug.jpg
825,Dottler,https://img.pokemondb.net/artwork/large/dottler.jpg
826,Orbeetle,https://img.pokemondb.net/artwork/large/orbeetle.jpg
827,Nickit,https://img.pokemondb.net/artwork/large/nickit.jpg
828,Thievul,https://img.pokemondb.net/artwork/large/thievul.jpg
829,Gossifleur,https://img.pokemondb.net/artwork/large/gossifleur.jpg
830,Eldegoss,https://img.pokemondb.net/artwork/large/eldegoss.jpg
831,Wooloo,https://img.pokemondb.net/artwork/large/wooloo.jpg
832,Dubwool,https://img.pokemondb.net/artwork/large/dubwool.jpg
833,Chewtle,https://img.pokemondb.net/artwork/large/chewtle.jpg
834,Drednaw,https://img.pokemondb.net/artwork/large/drednaw.jpg
835,Yamper,https://img.pokemondb.net/artwork/large/yamper.jpg
836,Boltund,https://img.pokemondb.net/artwork/large/boltund.jpg
837,Rolycoly,https://img.pokemondb.net/artwork/large/rolycoly.jpg
838,Carkol,https://img.pokemondb.net/artwork/large/carkol.jpg
839,Coalossal,https://img.pokemondb.net/artwork/large/coalossal.jpg
840,Applin,https://img.pokemondb.net/artwork/large/applin.jpg
841,Flapple,https://img.pokemondb.net/artwork/large/flapple.jpg
842,Appletun,https://img.pokemondb.net/artwork/large/appletun.jpg
843,Silicobra,https://img.pokemondb.net/artwork/large/silicobra.jpg
844,Sandaconda,https://img.pokemondb.net/artwork/large/sandaconda.jpg
845,Cramorant,https://img.pokemondb.net/artwork/large/cramorant.jpg
846,Arrokuda,https://img.pokemondb.net/artwork/large/arrokuda.jpg
847,Barraskewda,https://img.pokemondb.net/artwork/large/barraskewda.jpg
848,Toxel,https://img.pokemondb.net/artwork/large/toxel.jpg
849,Toxtricity-Amped,https://img.pokemondb.net/artwork/large/toxtricity-amped.jpg
850,Sizzlipede,https://img.pokemondb.net/artwork/large/sizzlipede.jpg
851,Centiskorch,https://img.pokemondb.net/artwork/large/centiskorch.jpg
852,Clobbopus,https://img.pokemondb.net/artwork/large/clobbopus.jpg
853,Grapploct,https://img.pokemondb.net/artwork/large/grapploct.jpg
854,Sinistea,https://img.pokemondb.net/artwork/large/sinistea.jpg
855,Polteageist,https://img.pokemondb.net/artwork/large/polteageist.jpg
856,Hatenna,https://img.pokemondb.net/artwork/large/hatenna.jpg
857,Hattrem,https://img.pokemondb.net/artwork/large/hattrem.jpg
858,Hatterene,https://img.pokemondb.net/artwork/large/hatterene.jpg
859,Impidimp,https://img.pokemondb.net/artwork/large/impidimp.jpg
860,Morgrem,https://img.pokemondb.net/artwork/large/morgrem.jpg
861,Grimmsnarl,https://img.pokemondb.net/artwork/large/grimmsnarl.jpg
862,Obstagoon,https://img.pokemondb.net/artwork/large/obstagoon.jpg
863,Perrserker,https://img.pokemondb.net/artwork/large/perrserker.jpg
864,Cursola,https://img.pokemondb.net/artwork/large/cursola.jpg
865,Sirfetchd,https://img.pokemondb.net/artwork/large/sirfetchd.jpg
866,Mr-Rime,https://img.pokemondb.net/artwork/large/mr-rime.jpg
867,Runerigus,https://img.pokemondb.net/artwork/large/runerigus.jpg
868,Milcery,https://img.pokemondb.net/artwork/large/milcery.jpg
869,Alcremie,https://img.pokemondb.net/artwork/large/alcremie.jpg
870,Falinks,https://img.pokemondb.net/artwork/large/falinks.jpg
871,Pincurchin,https://img.pokemondb.net/artwork/large/pincurchin.jpg
872,Snom,https://img.pokemondb.net/artwork/large/snom.jpg
873,Frosmoth,https://img.pokemondb.net/artwork/large/frosmoth.jpg
874,Stonjourner,https://img.pokemondb.net/artwork/large/stonjourner.jpg
875,Eiscue-Ice,https://img.pokemondb.net/artwork/large/eiscue-ice.jpg
876,Indeedee-Male,https://img.pokemondb.net/artwork/large/indeedee-male.jpg
877,Morpeko-Full-Belly,https://img.pokemondb.net/artwork/large/morpeko-full-belly.jpg
878,Cufant,https://img.pokemondb.net/artwork/large/cufant.jpg
879,Copperajah,https://img.pokemondb.net/artwork/large/copperajah.jpg
880,Dracozolt,https://img.pokemondb.net/artwork/large/dracozolt.jpg
881,Arctozolt,https://img.pokemondb.net/artwork/large/arctozolt.jpg
882,Dracovish,https://img.pokemondb.net/artwork/large/dracovish.jpg
883,Arctovish,https://img.pokemondb.net/artwork/large/arctovish.jpg
884,Duraludon,https://img.pokemondb.net/artwork/large/duraludon.jpg
885,Dreepy,https://img.pokemondb.net/artwork/large/dreepy.jpg
886,Drakloak,https://img.pokemondb.net/artwork/large/drakloak.jpg
887,Dragapult,https://img.pokemondb.net/artwork/large/dragapult.jpg
888,Zacian,https://img.pokemondb.net/artwork/large/zacian.jpg
889,Zamazenta,https://img.pokemondb.net/artwork/large/zamazenta.jpg
890,Eternatus,https://img.pokemondb.net/artwork/large/eternatus.jpg
891,Kubfu,https://img.pokemondb.net/artwork/large/kubfu.jpg
892,Urshifu-Single-Strike,https://img.pokemondb.net/artwork/large/urshifu-single-strike.jpg
893,Zarude,https://img.pokemondb.net/artwork/large/zarude.jpg
894,Regieleki,https://img.pokemondb.net/artwork/large/regieleki.jpg
895,Regidrago,https://img.pokemondb.net/artwork/large/regidrago.jpg
896,Glastrier,https://img.pokemondb.net/artwork/large/glastrier.jpg
897,Spectrier,https://img.pokemondb.net/artwork/large/spectrier.jpg
898,Calyrex,https://img.pokemondb.net/artwork/large/calyrex.jpg
899,Wyrdeer,https://img.pokemondb.net/artwork/large/wyrdeer.jpg
900,Kleavor,https://img.pokemondb.net/artwork/large/kleavor.jpg
901,Ursaluna,https://img.pokemondb.net/artwork/large/ursaluna.jpg
902,Basculegion-Male,https://img.pokemondb.net/artwork/large/basculegion-male.jpg
903,Sneasler,https://img.pokemondb.net/artwork/large/sneasler.jpg
904,Overqwil,https://img.pokemondb.net/artwork/large/overqwil.jpg
905,Enamorus-Incarnate,https://img.pokemondb.net/artwork/large/enamorus-incarnate.jpg
906,Sprigatito,https://img.pokemondb.net/artwork/large/sprigatito.jpg
907,Floragato,https://img.pokemondb.net/artwork/large/floragato.jpg
908,Meowscarada,https://img.pokemondb.net/artwork/large/meowscarada.jpg
909,Fuecoco,https://img.pokemondb.net/artwork/large/fuecoco.jpg
910,Crocalor,https://img.pokemondb.net/artwork/large/crocalor.jpg
911,Skeledirge,https://img.pokemondb.net/artwork/large/skeledirge.jpg
912,Quaxly,https://img.pokemondb.net/artwork/large/quaxly.jpg
913,Quaxwell,https://img.pokemondb.net/artwork/large/quaxwell.jpg
914,Quaquaval,https://img.pokemondb.net/artwork/large/quaquaval.jpg
915,Lechonk,https://img.pokemondb.net/artwork/large/lechonk.jpg
916,Oinkologne,https://img.pokemondb.net/artwork/large/oinkologne.jpg
917,Tarountula,https://img.pokemondb.net/artwork/large/tarountula.jpg
918,Spidops,https://img.pokemondb.net/artwork/large/spidops.jpg
919,Nymble,https://img.pokemondb.net/artwork/large/nymble.jpg
920,Lokix,https://img.pokemondb.net/artwork/large/lokix.jpg
921,Pawmi,https://img.pokemondb.net/artwork/large/pawmi.jpg
922,Pawmo,https://img.pokemondb.net/artwork/large/pawmo.jpg
923,Pawmot,https://img.pokemondb.net/artwork/large/pawmot.jpg
924,Tandemaus,https://img.pokemondb.net/artwork/large/tandemaus.jpg
925,Maushold,https://img.pokemondb.net/artwork/large/maushold.jpg
926,Fidough,https://img.pokemondb.net/artwork/large/fidough.jpg
927,Dachsbun,https://img.pokemondb.net/artwork/large/dachsbun.jpg
928,Smoliv,https://img.pokemondb.net/artwork/large/smoliv.jpg
929,Dolliv,https://img.pokemondb.net/artwork/large/dolliv.jpg
930,Arboliva,https://img.pokemondb.net/artwork/large/arboliva.jpg
931,Squawkabilly,https://img.pokemondb.net/artwork/large/squawkabilly.jpg
932,Nacli,https://img.pokemondb.net/artwork/large/nacli.jpg
933,Naclstack,https://img.pokemondb.net/artwork/large/naclstack.jpg
934,Garganacl,https://img.pokemondb.net/artwork/large/garganacl.jpg
935,Charcadet,https://img.pokemondb.net/artwork/large/charcadet.jpg
936,Armarouge,https://img.pokemondb.net/artwork/large/armarouge.jpg
937,Ceruledge,https://img.pokemondb.net/artwork/large/ceruledge.jpg
938,Tadbulb,https://img.pokemondb.net/artwork/large/tadbulb.jpg
939,Bellibolt,https://img.pokemondb.net/artwork/large/bellibolt.jpg
940,Wattrel,https://img.pokemondb.net/artwork/large/wattrel.jpg
941,Kilowattrel,https://img.pokemondb.net/artwork/large/kilowattrel.jpg
942,Maschiff,https://img.pokemondb.net/artwork/large/maschiff.jpg
943,Mabosstiff,https://img.pokemondb.net/artwork/large/mabosstiff.jpg
944,Shroodle,https://img.pokemondb.net/artwork/large/shroodle.jpg
945,Grafaiai,https://img.pokemondb.net/artwork/large/grafaiai.jpg
946,Bramblin,https://img.pokemondb.net/artwork/large/bramblin.jpg
947,Brambleghast,https://img.pokemondb.net/artwork/large/brambleghast.jpg
948,Toedscool,https://img.pokemondb.net/artwork/large/toedscool.jpg
949,Toedscruel,https://img.pokemondb.net/artwork/large/toedscruel.jpg
950,Klawf,https://img.pokemondb.net/artwork/large/klawf.jpg
951,Capsakid,https://img.pokemondb.net/artwork/large/capsakid.jpg
952,Scovillain,https://img.pokemondb.net/artwork/large/scovillain.jpg
953,Rellor,https://img.pokemondb.net/artwork/large/rellor.jpg
954,Rabsca,https://img.pokemondb.net/artwork/large/rabsca.jpg
955,Flittle,https://img.pokemondb.net/artwork/large/flittle.jpg
956,Espathra,https://img.pokemondb.net/artwork/large/espathra.jpg
957,Tinkatink,https://img.pokemondb.net/artwork/large/tinkatink.jpg
958,Tinkatuff,https://img.pokemondb.net/artwork/large/tinkatuff.jpg
959,Tinkaton,https://img.pokemondb.net/artwork/large/tinkaton.jpg
960,Wiglett,https://img.pokemondb.net/artwork/large/wiglett.jpg
961,Wugtrio,https://img.pokemondb.net/artwork/large/wugtrio.jpg
962,Bombirdier,https://img.pokemondb.net/artwork/large/bombirdier.jpg
963,Finizen,https://img.pokemondb.net/artwork/large/finizen.jpg
964,Palafin,https://img.pokemondb.net/artwork/large/palafin.jpg
965,Varoom,https://img.pokemondb.net/artwork/large/varoom.jpg
966,Revavroom,https://img.pokemondb.net/artwork/large/revavroom.jpg
967,Cyclizar,https://img.pokemondb.net/artwork/large/cyclizar.jpg
968,Orthworm,https://img.pokemondb.net/artwork/large/orthworm.jpg
969,Glimmet,https://img.pokemondb.net/artwork/large/glimmet.jpg
970,Glimmora,https://img.pokemondb.net/artwork/large/glimmora.jpg
971,Greavard,https://img.pokemondb.net/artwork/large/greavard.jpg
972,Houndstone,https://img.pokemondb.net/artwork/large/houndstone.jpg
973,Flamigo,https://img.pokemondb.net/artwork/large/flamigo.jpg
974,Cetoddle,https://img.pokemondb.net/artwork/large/cetoddle.jpg
975,Cetitan,https://img.pokemondb.net/artwork/large/cetitan.jpg
976,Veluza,https://img.pokemondb.net/artwork/large/veluza.jpg
977,Dondozo,https://img.pokemondb.net/artwork/large/dondozo.jpg
978,Tatsugiri,https://img.pokemondb.net/artwork/large/tatsugiri.jpg
979,Annihilape,https://img.pokemondb.net/artwork/large/annihilape.jpg
980,Clodsire,https://img.pokemondb.net/artwork/large/clodsire.jpg
981,Farigiraf,https://img.pokemondb.net/artwork/large/farigiraf.jpg
982,Dudunsparce,https://img.pokemondb.net/artwork/large/dudunsparce.jpg
983,Kingambit,https://img.pokemondb.net/artwork/large/kingambit.jpg
984,Great-Tusk,https://img.pokemondb.net/artwork/large/great-tusk.jpg
985,Scream-Tail,https://img.pokemondb.net/artwork/large/scream-tail.jpg
986,Brute-Bonnet,https://img.pokemondb.net/artwork/large/brute-bonnet.jpg
987,Flutter-Mane,https://img.pokemondb.net/artwork/large/flutter-mane.jpg
988,Slither-Wing,https://img.pokemondb.net/artwork/large/slither-wing.jpg
989,Sandy-Shocks,https://img.pokemondb.net/artwork/large/sandy-shocks.jpg
990,Iron-Treads,https://img.pokemondb.net/artwork/large/iron-treads.jpg
991,Iron-Bundle,https://img.pokemondb.net/artwork/large/iron-bundle.jpg
992,Iron-Hands,https://img.pokemondb.net/artwork/large/iron-hands.jpg
993,Iron-Jugulis,https://img.pokemondb.net/artwork/large/iron-jugulis.jpg
994,Iron-Moth,https://img.pokemondb.net/artwork/large/iron-moth.jpg
995,Iron-Thorns,https://img.pokemondb.net/artwork/large/iron-thorns.jpg
996,Frigibax,https://img.pokemondb.net/artwork/large/frigibax.jpg
997,Arctibax,https://img.pokemondb.net/artwork/large/arctibax.jpg
998,Baxcalibur,https://img.pokemondb.net/artwork/large/baxcalibur.jpg
999,Gimmighoul,https://img.pokemondb.net/artwork/large/gimmighoul.jpg
1000,Gholdengo,https://img.pokemondb.net/artwork/large/gholdengo.jpg
1001,Wo-Chien,https://img.pokemondb.net/artwork/large/wo-chien.jpg
1002,Chien-Pao,https://img.pokemondb.net/artwork/large/chien-pao.jpg
1003,Ting-Lu,https://img.pokemondb.net/artwork/large/ting-lu.jpg
1004,Chi-Yu,https://img.pokemondb.net/artwork/large/chi-yu.jpg
1005,Roaring-Moon,https://img.pokemondb.net/artwork/large/roaring-moon.jpg
1006,Iron-Valiant,https://img.pokemondb.net/artwork/large/iron-valiant.jpg
1007,Koraidon,https://img.pokemondb.net/artwork/large/koraidon.jpg
1008,Miraidon,https://img.pokemondb.net/artwork/large/miraidon.jpg
1009,Walking-Wake,https://img.pokemondb.net/artwork/large/walking-wake.jpg
1010,Iron-Leaves,https://img.pokemondb.net/artwork/large/iron-leaves.jpg
1011,Dipplin,https://img.pokemondb.net/artwork/large/dipplin.jpg
1012,Poltchageist,https://img.pokemondb.net/artwork/large/poltchageist.jpg
1013,Sinistcha,https://img.pokemondb.net/artwork/large/sinistcha.jpg
1014,Okidogi,https://img.pokemondb.net/artwork/large/okidogi.jpg
1015,Munkidori,https://img.pokemondb.net/artwork/large/munkidori.jpg
1016,Fezandipiti,https://img.pokemondb.net/artwork/large/fezandipiti.jpg
1017,Ogerpon,https://img.pokemondb.net/artwork/large/ogerpon.jpg
1018,Archaludon,https://img.pokemondb.net/artwork/large/archaludon.jpg
1019,Hydrapple,https://img.pokemondb.net/artwork/large/hydrapple.jpg
1020,Gouging-Fire,https://img.pokemondb.net/artwork/large/gouging-fire.jpg
1021,Raging-Bolt,https://img.pokemondb.net/artwork/large/raging-bolt.jpg
1022,Iron-Boulder,https://img.pokemondb.net/artwork/large/iron-boulder.jpg
1023,Iron-Crown,https://img.pokemondb.net/artwork/large/iron-crown.jpg
1024,Terapagos,https://img.pokemondb.net/artwork/large/terapagos.jpg
